year,pilot,grid,finish,circuit,is_podium,pilot_id,circuit_id
2022,LEC,1.0,1.0,Bahrain Grand Prix,1,14,2
2022,SAI,3.0,2.0,Bahrain Grand Prix,1,23,2
2022,HAM,5.0,3.0,Bahrain Grand Prix,1,10,2
2022,RUS,9.0,4.0,Bahrain Grand Prix,0,22,2
2022,MAG,7.0,5.0,Bahrain Grand Prix,0,15,2
2022,BOT,6.0,6.0,Bahrain Grand Prix,0,5,2
2022,OCO,11.0,7.0,Bahrain Grand Prix,0,18,2
2022,TSU,16.0,8.0,Bahrain Grand Prix,0,26,2
2022,ALO,8.0,9.0,Bahrain Grand Prix,0,1,2
2022,ZHO,15.0,10.0,Bahrain Grand Prix,0,29,2
2022,MSC,12.0,11.0,Bahrain Grand Prix,0,16,2
2022,STR,19.0,12.0,Bahrain Grand Prix,0,25,2
2022,ALB,14.0,13.0,Bahrain Grand Prix,0,0,2
2022,RIC,18.0,14.0,Bahrain Grand Prix,0,21,2
2022,NOR,13.0,15.0,Bahrain Grand Prix,0,17,2
2022,LAT,20.0,16.0,Bahrain Grand Prix,0,12,2
2022,HUL,17.0,17.0,Bahrain Grand Prix,0,11,2
2022,PER,4.0,18.0,Bahrain Grand Prix,0,19,2
2022,VER,2.0,19.0,Bahrain Grand Prix,0,27,2
2022,GAS,10.0,20.0,Bahrain Grand Prix,0,8,2
2022,VER,4.0,1.0,Saudi Arabian Grand Prix,1,27,7
2022,LEC,2.0,2.0,Saudi Arabian Grand Prix,1,14,7
2022,SAI,3.0,3.0,Saudi Arabian Grand Prix,1,23,7
2022,PER,1.0,4.0,Saudi Arabian Grand Prix,0,19,7
2022,RUS,6.0,5.0,Saudi Arabian Grand Prix,0,22,7
2022,OCO,5.0,6.0,Saudi Arabian Grand Prix,0,18,7
2022,NOR,11.0,7.0,Saudi Arabian Grand Prix,0,17,7
2022,GAS,9.0,8.0,Saudi Arabian Grand Prix,0,8,7
2022,MAG,10.0,9.0,Saudi Arabian Grand Prix,0,15,7
2022,HAM,15.0,10.0,Saudi Arabian Grand Prix,0,10,7
2022,ZHO,12.0,11.0,Saudi Arabian Grand Prix,0,29,7
2022,HUL,17.0,12.0,Saudi Arabian Grand Prix,0,11,7
2022,STR,13.0,13.0,Saudi Arabian Grand Prix,0,25,7
2022,ALB,16.0,14.0,Saudi Arabian Grand Prix,0,0,7
2022,BOT,8.0,15.0,Saudi Arabian Grand Prix,0,5,7
2022,ALO,7.0,16.0,Saudi Arabian Grand Prix,0,1,7
2022,RIC,14.0,17.0,Saudi Arabian Grand Prix,0,21,7
2022,LAT,18.0,18.0,Saudi Arabian Grand Prix,0,12,7
2022,TSU,19.0,19.0,Saudi Arabian Grand Prix,0,26,7
2022,LEC,1.0,1.0,Australian Grand Prix,1,14,0
2022,PER,3.0,2.0,Australian Grand Prix,1,19,0
2022,RUS,6.0,3.0,Australian Grand Prix,1,22,0
2022,HAM,5.0,4.0,Australian Grand Prix,0,10,0
2022,NOR,4.0,5.0,Australian Grand Prix,0,17,0
2022,RIC,7.0,6.0,Australian Grand Prix,0,21,0
2022,OCO,8.0,7.0,Australian Grand Prix,0,18,0
2022,BOT,12.0,8.0,Australian Grand Prix,0,5,0
2022,GAS,11.0,9.0,Australian Grand Prix,0,8,0
2022,ALB,20.0,10.0,Australian Grand Prix,0,0,0
2022,ZHO,14.0,11.0,Australian Grand Prix,0,29,0
2022,STR,19.0,12.0,Australian Grand Prix,0,25,0
2022,MSC,15.0,13.0,Australian Grand Prix,0,16,0
2022,MAG,16.0,14.0,Australian Grand Prix,0,15,0
2022,TSU,13.0,15.0,Australian Grand Prix,0,26,0
2022,LAT,18.0,16.0,Australian Grand Prix,0,12,0
2022,ALO,10.0,17.0,Australian Grand Prix,0,1,0
2022,VER,2.0,18.0,Australian Grand Prix,0,27,0
2022,VET,17.0,19.0,Australian Grand Prix,0,28,0
2022,SAI,9.0,20.0,Australian Grand Prix,0,23,0
2022,VER,1.0,1.0,Emilia Romagna Grand Prix,1,27,4
2022,PER,3.0,2.0,Emilia Romagna Grand Prix,1,19,4
2022,NOR,5.0,3.0,Emilia Romagna Grand Prix,1,17,4
2022,RUS,11.0,4.0,Emilia Romagna Grand Prix,0,22,4
2022,BOT,7.0,5.0,Emilia Romagna Grand Prix,0,5,4
2022,LEC,2.0,6.0,Emilia Romagna Grand Prix,0,14,4
2022,TSU,12.0,7.0,Emilia Romagna Grand Prix,0,26,4
2022,VET,13.0,8.0,Emilia Romagna Grand Prix,0,28,4
2022,MAG,8.0,9.0,Emilia Romagna Grand Prix,0,15,4
2022,STR,15.0,10.0,Emilia Romagna Grand Prix,0,25,4
2022,ALB,18.0,11.0,Emilia Romagna Grand Prix,0,0,4
2022,GAS,17.0,12.0,Emilia Romagna Grand Prix,0,8,4
2022,HAM,14.0,13.0,Emilia Romagna Grand Prix,0,10,4
2022,OCO,16.0,14.0,Emilia Romagna Grand Prix,0,18,4
2022,ZHO,0.0,15.0,Emilia Romagna Grand Prix,0,29,4
2022,LAT,19.0,16.0,Emilia Romagna Grand Prix,0,12,4
2022,MSC,10.0,17.0,Emilia Romagna Grand Prix,0,16,4
2022,RIC,6.0,18.0,Emilia Romagna Grand Prix,0,21,4
2022,ALO,9.0,19.0,Emilia Romagna Grand Prix,0,1,4
2022,SAI,4.0,20.0,Emilia Romagna Grand Prix,0,23,4
2022,VER,3.0,1.0,Miami Grand Prix,1,27,6
2022,LEC,1.0,2.0,Miami Grand Prix,1,14,6
2022,SAI,2.0,3.0,Miami Grand Prix,1,23,6
2022,PER,4.0,4.0,Miami Grand Prix,0,19,6
2022,RUS,12.0,5.0,Miami Grand Prix,0,22,6
2022,HAM,6.0,6.0,Miami Grand Prix,0,10,6
2022,BOT,5.0,7.0,Miami Grand Prix,0,5,6
2022,OCO,20.0,8.0,Miami Grand Prix,0,18,6
2022,ALB,18.0,9.0,Miami Grand Prix,0,0,6
2022,STR,0.0,10.0,Miami Grand Prix,0,25,6
2022,ALO,11.0,11.0,Miami Grand Prix,0,1,6
2022,TSU,9.0,12.0,Miami Grand Prix,0,26,6
2022,RIC,14.0,13.0,Miami Grand Prix,0,21,6
2022,LAT,19.0,14.0,Miami Grand Prix,0,12,6
2022,MSC,15.0,15.0,Miami Grand Prix,0,16,6
2022,MAG,16.0,16.0,Miami Grand Prix,0,15,6
2022,VET,0.0,17.0,Miami Grand Prix,0,28,6
2022,GAS,7.0,18.0,Miami Grand Prix,0,8,6
2022,NOR,8.0,19.0,Miami Grand Prix,0,17,6
2022,ZHO,17.0,20.0,Miami Grand Prix,0,29,6
2023,VER,1.0,1.0,Bahrain Grand Prix,1,27,2
2023,PER,2.0,2.0,Bahrain Grand Prix,1,19,2
2023,ALO,5.0,3.0,Bahrain Grand Prix,1,1,2
2023,SAI,4.0,4.0,Bahrain Grand Prix,0,23,2
2023,HAM,7.0,5.0,Bahrain Grand Prix,0,10,2
2023,STR,8.0,6.0,Bahrain Grand Prix,0,25,2
2023,RUS,6.0,7.0,Bahrain Grand Prix,0,22,2
2023,BOT,12.0,8.0,Bahrain Grand Prix,0,5,2
2023,GAS,20.0,9.0,Bahrain Grand Prix,0,8,2
2023,ALB,15.0,10.0,Bahrain Grand Prix,0,0,2
2023,TSU,14.0,11.0,Bahrain Grand Prix,0,26,2
2023,SAR,16.0,12.0,Bahrain Grand Prix,0,24,2
2023,MAG,17.0,13.0,Bahrain Grand Prix,0,15,2
2023,DEV,19.0,14.0,Bahrain Grand Prix,0,6,2
2023,HUL,10.0,15.0,Bahrain Grand Prix,0,11,2
2023,ZHO,13.0,16.0,Bahrain Grand Prix,0,29,2
2023,NOR,11.0,17.0,Bahrain Grand Prix,0,17,2
2023,OCO,9.0,18.0,Bahrain Grand Prix,0,18,2
2023,LEC,3.0,19.0,Bahrain Grand Prix,0,14,2
2023,PIA,18.0,20.0,Bahrain Grand Prix,0,20,2
2023,PER,1.0,1.0,Saudi Arabian Grand Prix,1,19,7
2023,VER,15.0,2.0,Saudi Arabian Grand Prix,1,27,7
2023,ALO,2.0,3.0,Saudi Arabian Grand Prix,1,1,7
2023,RUS,3.0,4.0,Saudi Arabian Grand Prix,0,22,7
2023,HAM,7.0,5.0,Saudi Arabian Grand Prix,0,10,7
2023,SAI,4.0,6.0,Saudi Arabian Grand Prix,0,23,7
2023,LEC,12.0,7.0,Saudi Arabian Grand Prix,0,14,7
2023,OCO,6.0,8.0,Saudi Arabian Grand Prix,0,18,7
2023,GAS,9.0,9.0,Saudi Arabian Grand Prix,0,8,7
2023,MAG,13.0,10.0,Saudi Arabian Grand Prix,0,15,7
2023,TSU,16.0,11.0,Saudi Arabian Grand Prix,0,26,7
2023,HUL,10.0,12.0,Saudi Arabian Grand Prix,0,11,7
2023,ZHO,11.0,13.0,Saudi Arabian Grand Prix,0,29,7
2023,DEV,18.0,14.0,Saudi Arabian Grand Prix,0,6,7
2023,PIA,8.0,15.0,Saudi Arabian Grand Prix,0,20,7
2023,SAR,20.0,16.0,Saudi Arabian Grand Prix,0,24,7
2023,NOR,19.0,17.0,Saudi Arabian Grand Prix,0,17,7
2023,BOT,14.0,18.0,Saudi Arabian Grand Prix,0,5,7
2023,ALB,17.0,19.0,Saudi Arabian Grand Prix,0,0,7
2023,STR,5.0,20.0,Saudi Arabian Grand Prix,0,25,7
2023,VER,1.0,1.0,Australian Grand Prix,1,27,0
2023,HAM,3.0,2.0,Australian Grand Prix,1,10,0
2023,ALO,4.0,3.0,Australian Grand Prix,1,1,0
2023,STR,6.0,4.0,Australian Grand Prix,0,25,0
2023,PER,20.0,5.0,Australian Grand Prix,0,19,0
2023,NOR,13.0,6.0,Australian Grand Prix,0,17,0
2023,HUL,10.0,7.0,Australian Grand Prix,0,11,0
2023,PIA,16.0,8.0,Australian Grand Prix,0,20,0
2023,ZHO,17.0,9.0,Australian Grand Prix,0,29,0
2023,TSU,12.0,10.0,Australian Grand Prix,0,26,0
2023,BOT,19.0,11.0,Australian Grand Prix,0,5,0
2023,SAI,5.0,12.0,Australian Grand Prix,0,23,0
2023,GAS,9.0,13.0,Australian Grand Prix,0,8,0
2023,OCO,11.0,14.0,Australian Grand Prix,0,18,0
2023,DEV,15.0,15.0,Australian Grand Prix,0,6,0
2023,SAR,18.0,16.0,Australian Grand Prix,0,24,0
2023,MAG,14.0,17.0,Australian Grand Prix,0,15,0
2023,RUS,2.0,18.0,Australian Grand Prix,0,22,0
2023,ALB,8.0,19.0,Australian Grand Prix,0,0,0
2023,LEC,7.0,20.0,Australian Grand Prix,0,14,0
2023,PER,3.0,1.0,Azerbaijan Grand Prix,1,19,1
2023,VER,2.0,2.0,Azerbaijan Grand Prix,1,27,1
2023,LEC,1.0,3.0,Azerbaijan Grand Prix,1,14,1
2023,ALO,6.0,4.0,Azerbaijan Grand Prix,0,1,1
2023,SAI,4.0,5.0,Azerbaijan Grand Prix,0,23,1
2023,HAM,5.0,6.0,Azerbaijan Grand Prix,0,10,1
2023,STR,9.0,7.0,Azerbaijan Grand Prix,0,25,1
2023,RUS,11.0,8.0,Azerbaijan Grand Prix,0,22,1
2023,NOR,7.0,9.0,Azerbaijan Grand Prix,0,17,1
2023,TSU,8.0,10.0,Azerbaijan Grand Prix,0,26,1
2023,PIA,10.0,11.0,Azerbaijan Grand Prix,0,20,1
2023,ALB,12.0,12.0,Azerbaijan Grand Prix,0,0,1
2023,MAG,16.0,13.0,Azerbaijan Grand Prix,0,15,1
2023,GAS,17.0,14.0,Azerbaijan Grand Prix,0,8,1
2023,OCO,19.0,15.0,Azerbaijan Grand Prix,0,18,1
2023,SAR,14.0,16.0,Azerbaijan Grand Prix,0,24,1
2023,HUL,20.0,17.0,Azerbaijan Grand Prix,0,11,1
2023,BOT,13.0,18.0,Azerbaijan Grand Prix,0,5,1
2023,ZHO,15.0,19.0,Azerbaijan Grand Prix,0,29,1
2023,DEV,18.0,20.0,Azerbaijan Grand Prix,0,6,1
2023,VER,9.0,1.0,Miami Grand Prix,1,27,6
2023,PER,1.0,2.0,Miami Grand Prix,1,19,6
2023,ALO,2.0,3.0,Miami Grand Prix,1,1,6
2023,RUS,6.0,4.0,Miami Grand Prix,0,22,6
2023,SAI,3.0,5.0,Miami Grand Prix,0,23,6
2023,HAM,13.0,6.0,Miami Grand Prix,0,10,6
2023,LEC,7.0,7.0,Miami Grand Prix,0,14,6
2023,GAS,5.0,8.0,Miami Grand Prix,0,8,6
2023,OCO,8.0,9.0,Miami Grand Prix,0,18,6
2023,MAG,4.0,10.0,Miami Grand Prix,0,15,6
2023,TSU,17.0,11.0,Miami Grand Prix,0,26,6
2023,STR,18.0,12.0,Miami Grand Prix,0,25,6
2023,BOT,10.0,13.0,Miami Grand Prix,0,5,6
2023,ALB,11.0,14.0,Miami Grand Prix,0,0,6
2023,HUL,12.0,15.0,Miami Grand Prix,0,11,6
2023,ZHO,14.0,16.0,Miami Grand Prix,0,29,6
2023,NOR,16.0,17.0,Miami Grand Prix,0,17,6
2023,DEV,15.0,18.0,Miami Grand Prix,0,6,6
2023,PIA,19.0,19.0,Miami Grand Prix,0,20,6
2023,SAR,20.0,20.0,Miami Grand Prix,0,24,6
2024,VER,1.0,1.0,Bahrain Grand Prix,1,27,2
2024,PER,5.0,2.0,Bahrain Grand Prix,1,19,2
2024,SAI,4.0,3.0,Bahrain Grand Prix,1,23,2
2024,LEC,2.0,4.0,Bahrain Grand Prix,0,14,2
2024,RUS,3.0,5.0,Bahrain Grand Prix,0,22,2
2024,NOR,7.0,6.0,Bahrain Grand Prix,0,17,2
2024,HAM,9.0,7.0,Bahrain Grand Prix,0,10,2
2024,PIA,8.0,8.0,Bahrain Grand Prix,0,20,2
2024,ALO,6.0,9.0,Bahrain Grand Prix,0,1,2
2024,STR,12.0,10.0,Bahrain Grand Prix,0,25,2
2024,ZHO,17.0,11.0,Bahrain Grand Prix,0,29,2
2024,MAG,15.0,12.0,Bahrain Grand Prix,0,15,2
2024,RIC,14.0,13.0,Bahrain Grand Prix,0,21,2
2024,TSU,11.0,14.0,Bahrain Grand Prix,0,26,2
2024,ALB,13.0,15.0,Bahrain Grand Prix,0,0,2
2024,HUL,10.0,16.0,Bahrain Grand Prix,0,11,2
2024,OCO,19.0,17.0,Bahrain Grand Prix,0,18,2
2024,GAS,20.0,18.0,Bahrain Grand Prix,0,8,2
2024,BOT,16.0,19.0,Bahrain Grand Prix,0,5,2
2024,SAR,18.0,20.0,Bahrain Grand Prix,0,24,2
2024,VER,1.0,1.0,Saudi Arabian Grand Prix,1,27,7
2024,PER,3.0,2.0,Saudi Arabian Grand Prix,1,19,7
2024,LEC,2.0,3.0,Saudi Arabian Grand Prix,1,14,7
2024,PIA,5.0,4.0,Saudi Arabian Grand Prix,0,20,7
2024,ALO,4.0,5.0,Saudi Arabian Grand Prix,0,1,7
2024,RUS,7.0,6.0,Saudi Arabian Grand Prix,0,22,7
2024,BEA,11.0,7.0,Saudi Arabian Grand Prix,0,3,7
2024,NOR,6.0,8.0,Saudi Arabian Grand Prix,0,17,7
2024,HAM,8.0,9.0,Saudi Arabian Grand Prix,0,10,7
2024,HUL,15.0,10.0,Saudi Arabian Grand Prix,0,11,7
2024,ALB,12.0,11.0,Saudi Arabian Grand Prix,0,0,7
2024,MAG,13.0,12.0,Saudi Arabian Grand Prix,0,15,7
2024,OCO,17.0,13.0,Saudi Arabian Grand Prix,0,18,7
2024,SAR,19.0,14.0,Saudi Arabian Grand Prix,0,24,7
2024,TSU,9.0,15.0,Saudi Arabian Grand Prix,0,26,7
2024,RIC,14.0,16.0,Saudi Arabian Grand Prix,0,21,7
2024,BOT,16.0,17.0,Saudi Arabian Grand Prix,0,5,7
2024,ZHO,20.0,18.0,Saudi Arabian Grand Prix,0,29,7
2024,STR,10.0,19.0,Saudi Arabian Grand Prix,0,25,7
2024,GAS,18.0,20.0,Saudi Arabian Grand Prix,0,8,7
2024,SAI,2.0,1.0,Australian Grand Prix,1,23,0
2024,LEC,4.0,2.0,Australian Grand Prix,1,14,0
2024,NOR,3.0,3.0,Australian Grand Prix,1,17,0
2024,PIA,5.0,4.0,Australian Grand Prix,0,20,0
2024,PER,6.0,5.0,Australian Grand Prix,0,19,0
2024,STR,9.0,6.0,Australian Grand Prix,0,25,0
2024,TSU,8.0,7.0,Australian Grand Prix,0,26,0
2024,ALO,10.0,8.0,Australian Grand Prix,0,1,0
2024,HUL,16.0,9.0,Australian Grand Prix,0,11,0
2024,MAG,14.0,10.0,Australian Grand Prix,0,15,0
2024,ALB,12.0,11.0,Australian Grand Prix,0,0,0
2024,RIC,18.0,12.0,Australian Grand Prix,0,21,0
2024,GAS,17.0,13.0,Australian Grand Prix,0,8,0
2024,BOT,13.0,14.0,Australian Grand Prix,0,5,0
2024,ZHO,19.0,15.0,Australian Grand Prix,0,29,0
2024,OCO,15.0,16.0,Australian Grand Prix,0,18,0
2024,RUS,7.0,17.0,Australian Grand Prix,0,22,0
2024,HAM,11.0,18.0,Australian Grand Prix,0,10,0
2024,VER,1.0,19.0,Australian Grand Prix,0,27,0
2024,VER,1.0,1.0,Japanese Grand Prix,1,27,5
2024,PER,2.0,2.0,Japanese Grand Prix,1,19,5
2024,SAI,4.0,3.0,Japanese Grand Prix,1,23,5
2024,LEC,8.0,4.0,Japanese Grand Prix,0,14,5
2024,NOR,3.0,5.0,Japanese Grand Prix,0,17,5
2024,ALO,5.0,6.0,Japanese Grand Prix,0,1,5
2024,RUS,9.0,7.0,Japanese Grand Prix,0,22,5
2024,PIA,6.0,8.0,Japanese Grand Prix,0,20,5
2024,HAM,7.0,9.0,Japanese Grand Prix,0,10,5
2024,TSU,10.0,10.0,Japanese Grand Prix,0,26,5
2024,HUL,12.0,11.0,Japanese Grand Prix,0,11,5
2024,STR,16.0,12.0,Japanese Grand Prix,0,25,5
2024,MAG,18.0,13.0,Japanese Grand Prix,0,15,5
2024,BOT,13.0,14.0,Japanese Grand Prix,0,5,5
2024,OCO,15.0,15.0,Japanese Grand Prix,0,18,5
2024,GAS,17.0,16.0,Japanese Grand Prix,0,8,5
2024,SAR,19.0,17.0,Japanese Grand Prix,0,24,5
2024,ZHO,20.0,18.0,Japanese Grand Prix,0,29,5
2024,RIC,11.0,19.0,Japanese Grand Prix,0,21,5
2024,ALB,14.0,20.0,Japanese Grand Prix,0,0,5
2024,VER,1.0,1.0,Chinese Grand Prix,1,27,3
2024,NOR,4.0,2.0,Chinese Grand Prix,1,17,3
2024,PER,2.0,3.0,Chinese Grand Prix,1,19,3
2024,LEC,6.0,4.0,Chinese Grand Prix,0,14,3
2024,SAI,7.0,5.0,Chinese Grand Prix,0,23,3
2024,RUS,8.0,6.0,Chinese Grand Prix,0,22,3
2024,ALO,3.0,7.0,Chinese Grand Prix,0,1,3
2024,PIA,5.0,8.0,Chinese Grand Prix,0,20,3
2024,HAM,18.0,9.0,Chinese Grand Prix,0,10,3
2024,HUL,9.0,10.0,Chinese Grand Prix,0,11,3
2024,OCO,13.0,11.0,Chinese Grand Prix,0,18,3
2024,ALB,14.0,12.0,Chinese Grand Prix,0,0,3
2024,GAS,15.0,13.0,Chinese Grand Prix,0,8,3
2024,ZHO,16.0,14.0,Chinese Grand Prix,0,29,3
2024,STR,11.0,15.0,Chinese Grand Prix,0,25,3
2024,MAG,17.0,16.0,Chinese Grand Prix,0,15,3
2024,SAR,20.0,17.0,Chinese Grand Prix,0,24,3
2024,RIC,12.0,18.0,Chinese Grand Prix,0,21,3
2024,TSU,19.0,19.0,Chinese Grand Prix,0,26,3
2024,BOT,10.0,20.0,Chinese Grand Prix,0,5,3
2025,NOR,1.0,1.0,Australian Grand Prix,1,17,0
2025,VER,3.0,2.0,Australian Grand Prix,1,27,0
2025,RUS,4.0,3.0,Australian Grand Prix,1,22,0
2025,ANT,16.0,4.0,Australian Grand Prix,0,2,0
2025,ALB,6.0,5.0,Australian Grand Prix,0,0,0
2025,STR,13.0,6.0,Australian Grand Prix,0,25,0
2025,HUL,17.0,7.0,Australian Grand Prix,0,11,0
2025,LEC,7.0,8.0,Australian Grand Prix,0,14,0
2025,PIA,2.0,9.0,Australian Grand Prix,0,20,0
2025,HAM,8.0,10.0,Australian Grand Prix,0,10,0
2025,GAS,9.0,11.0,Australian Grand Prix,0,8,0
2025,TSU,5.0,12.0,Australian Grand Prix,0,26,0
2025,OCO,19.0,13.0,Australian Grand Prix,0,18,0
2025,BEA,20.0,14.0,Australian Grand Prix,0,3,0
2025,LAW,18.0,15.0,Australian Grand Prix,0,13,0
2025,BOR,15.0,16.0,Australian Grand Prix,0,4,0
2025,ALO,12.0,17.0,Australian Grand Prix,0,1,0
2025,SAI,10.0,18.0,Australian Grand Prix,0,23,0
2025,DOO,14.0,19.0,Australian Grand Prix,0,7,0
2025,HAD,11.0,20.0,Australian Grand Prix,0,9,0
2025,PIA,1.0,1.0,Chinese Grand Prix,1,20,3
2025,NOR,3.0,2.0,Chinese Grand Prix,1,17,3
2025,RUS,2.0,3.0,Chinese Grand Prix,1,22,3
2025,VER,4.0,4.0,Chinese Grand Prix,0,27,3
2025,OCO,11.0,5.0,Chinese Grand Prix,0,18,3
2025,ANT,8.0,6.0,Chinese Grand Prix,0,2,3
2025,ALB,10.0,7.0,Chinese Grand Prix,0,0,3
2025,BEA,17.0,8.0,Chinese Grand Prix,0,3,3
2025,STR,14.0,9.0,Chinese Grand Prix,0,25,3
2025,SAI,15.0,10.0,Chinese Grand Prix,0,23,3
2025,HAD,7.0,11.0,Chinese Grand Prix,0,9,3
2025,LAW,20.0,12.0,Chinese Grand Prix,0,13,3
2025,DOO,18.0,13.0,Chinese Grand Prix,0,7,3
2025,BOR,19.0,14.0,Chinese Grand Prix,0,4,3
2025,HUL,12.0,15.0,Chinese Grand Prix,0,11,3
2025,TSU,9.0,16.0,Chinese Grand Prix,0,26,3
2025,ALO,13.0,17.0,Chinese Grand Prix,0,1,3
2025,LEC,6.0,18.0,Chinese Grand Prix,0,14,3
2025,HAM,5.0,19.0,Chinese Grand Prix,0,10,3
2025,GAS,16.0,20.0,Chinese Grand Prix,0,8,3
2025,VER,1.0,1.0,Japanese Grand Prix,1,27,5
2025,NOR,2.0,2.0,Japanese Grand Prix,1,17,5
2025,PIA,3.0,3.0,Japanese Grand Prix,1,20,5
2025,LEC,4.0,4.0,Japanese Grand Prix,0,14,5
2025,RUS,5.0,5.0,Japanese Grand Prix,0,22,5
2025,ANT,6.0,6.0,Japanese Grand Prix,0,2,5
2025,HAM,8.0,7.0,Japanese Grand Prix,0,10,5
2025,HAD,7.0,8.0,Japanese Grand Prix,0,9,5
2025,ALB,9.0,9.0,Japanese Grand Prix,0,0,5
2025,BEA,10.0,10.0,Japanese Grand Prix,0,3,5
2025,ALO,12.0,11.0,Japanese Grand Prix,0,1,5
2025,TSU,14.0,12.0,Japanese Grand Prix,0,26,5
2025,GAS,11.0,13.0,Japanese Grand Prix,0,8,5
2025,SAI,15.0,14.0,Japanese Grand Prix,0,23,5
2025,DOO,19.0,15.0,Japanese Grand Prix,0,7,5
2025,HUL,16.0,16.0,Japanese Grand Prix,0,11,5
2025,LAW,13.0,17.0,Japanese Grand Prix,0,13,5
2025,OCO,18.0,18.0,Japanese Grand Prix,0,18,5
2025,BOR,17.0,19.0,Japanese Grand Prix,0,4,5
2025,STR,20.0,20.0,Japanese Grand Prix,0,25,5
2025,PIA,1.0,1.0,Bahrain Grand Prix,1,20,2
2025,RUS,3.0,2.0,Bahrain Grand Prix,1,22,2
2025,NOR,6.0,3.0,Bahrain Grand Prix,1,17,2
2025,LEC,2.0,4.0,Bahrain Grand Prix,0,14,2
2025,HAM,9.0,5.0,Bahrain Grand Prix,0,10,2
2025,VER,7.0,6.0,Bahrain Grand Prix,0,27,2
2025,GAS,4.0,7.0,Bahrain Grand Prix,0,8,2
2025,OCO,14.0,8.0,Bahrain Grand Prix,0,18,2
2025,TSU,10.0,9.0,Bahrain Grand Prix,0,26,2
2025,BEA,20.0,10.0,Bahrain Grand Prix,0,3,2
2025,ANT,5.0,11.0,Bahrain Grand Prix,0,2,2
2025,ALB,15.0,12.0,Bahrain Grand Prix,0,0,2
2025,HAD,12.0,13.0,Bahrain Grand Prix,0,9,2
2025,DOO,11.0,14.0,Bahrain Grand Prix,0,7,2
2025,ALO,13.0,15.0,Bahrain Grand Prix,0,1,2
2025,LAW,17.0,16.0,Bahrain Grand Prix,0,13,2
2025,STR,19.0,17.0,Bahrain Grand Prix,0,25,2
2025,BOR,18.0,18.0,Bahrain Grand Prix,0,4,2
2025,SAI,8.0,19.0,Bahrain Grand Prix,0,23,2
2025,HUL,16.0,20.0,Bahrain Grand Prix,0,11,2
2025,PIA,2.0,1.0,Saudi Arabian Grand Prix,1,20,7
2025,VER,1.0,2.0,Saudi Arabian Grand Prix,1,27,7
2025,LEC,4.0,3.0,Saudi Arabian Grand Prix,1,14,7
2025,NOR,10.0,4.0,Saudi Arabian Grand Prix,0,17,7
2025,RUS,3.0,5.0,Saudi Arabian Grand Prix,0,22,7
2025,ANT,5.0,6.0,Saudi Arabian Grand Prix,0,2,7
2025,HAM,7.0,7.0,Saudi Arabian Grand Prix,0,10,7
2025,SAI,6.0,8.0,Saudi Arabian Grand Prix,0,23,7
2025,ALB,11.0,9.0,Saudi Arabian Grand Prix,0,0,7
2025,HAD,14.0,10.0,Saudi Arabian Grand Prix,0,9,7
2025,ALO,13.0,11.0,Saudi Arabian Grand Prix,0,1,7
2025,LAW,12.0,12.0,Saudi Arabian Grand Prix,0,13,7
2025,BEA,15.0,13.0,Saudi Arabian Grand Prix,0,3,7
2025,OCO,19.0,14.0,Saudi Arabian Grand Prix,0,18,7
2025,HUL,18.0,15.0,Saudi Arabian Grand Prix,0,11,7
2025,STR,16.0,16.0,Saudi Arabian Grand Prix,0,25,7
2025,DOO,17.0,17.0,Saudi Arabian Grand Prix,0,7,7
2025,BOR,20.0,18.0,Saudi Arabian Grand Prix,0,4,7
2025,TSU,8.0,19.0,Saudi Arabian Grand Prix,0,26,7
2025,GAS,9.0,20.0,Saudi Arabian Grand Prix,0,8,7
